file_path,line_number,matched_phrase,classification,action_needed,line_text
README.md,24,certified,Safe / negated scope statement,No action needed.,"This project demonstrates a concept-level MBSE/RFLP and MATLAB/Simulink verification workflow. It does not claim production brake-by-wire validation, certified safety compliance, real sensor fusion, HIL/SIL validation, or ISO 26262 compliance."
README.md,24,ISO 26262 compliance,Safe / negated scope statement,No action needed.,"This project demonstrates a concept-level MBSE/RFLP and MATLAB/Simulink verification workflow. It does not claim production brake-by-wire validation, certified safety compliance, real sensor fusion, HIL/SIL validation, or ISO 26262 compliance."
README.md,24,production brake-by-wire,Safe / negated scope statement,No action needed.,"This project demonstrates a concept-level MBSE/RFLP and MATLAB/Simulink verification workflow. It does not claim production brake-by-wire validation, certified safety compliance, real sensor fusion, HIL/SIL validation, or ISO 26262 compliance."
README.md,485,ISO 26262 compliance,Safe / negated scope statement,No action needed.,"The project still does not claim production brake-by-wire design, full AEB functionality, ISO 26262 compliance, ISO 21448/SOTIF compliance, HIL/SIL validation, real sensor fusion, or industrial MBSE completeness."
README.md,485,SOTIF compliance,Safe / negated scope statement,No action needed.,"The project still does not claim production brake-by-wire design, full AEB functionality, ISO 26262 compliance, ISO 21448/SOTIF compliance, HIL/SIL validation, real sensor fusion, or industrial MBSE completeness."
README.md,485,full AEB,Safe / negated scope statement,No action needed.,"The project still does not claim production brake-by-wire design, full AEB functionality, ISO 26262 compliance, ISO 21448/SOTIF compliance, HIL/SIL validation, real sensor fusion, or industrial MBSE completeness."
README.md,485,production brake-by-wire,Safe / negated scope statement,No action needed.,"The project still does not claim production brake-by-wire design, full AEB functionality, ISO 26262 compliance, ISO 21448/SOTIF compliance, HIL/SIL validation, real sensor fusion, or industrial MBSE completeness."
README.md,981,certified,Safe / negated scope statement,No action needed.,"Scope note: the audit checks university-level project evidence only. It does not claim industrial completeness, certified safety compliance, ISO 26262 validation, SOTIF validation, HIL/SIL testing, or production brake-by-wire design."
README.md,981,production brake-by-wire,Safe / negated scope statement,No action needed.,"Scope note: the audit checks university-level project evidence only. It does not claim industrial completeness, certified safety compliance, ISO 26262 validation, SOTIF validation, HIL/SIL testing, or production brake-by-wire design."
README.md,996,production brake-by-wire,Safe / negated scope statement,No action needed.,"Scope note: this check verifies university-level project evidence and organization only. It does not certify industrial completeness, safety compliance, HIL/SIL validation, or production brake-by-wire design."
docs\02_black_box_analysis.md,9,production brake-by-wire,Safe / negated scope statement,No action needed.,"The objective is to keep the project aligned with a university-level concept-design workflow and to avoid overclaiming a production brake-by-wire or industrial MBSE implementation."
docs\03_requirements_quality_review.md,19,production brake-by-wire,Safe / negated scope statement,No action needed.,"| Scope-safe | The requirement does not overclaim production brake-by-wire, ISO 26262, SOTIF, or real sensor validation. |"
docs\03_rflp_architecture.md,13,production-ready,Safe / negated scope statement,No action needed.,"The project does not claim complete industrial MBSE implementation or production-ready brake-by-wire design."
docs\06_verification_plan.md,9,production brake-by-wire,Safe / negated scope statement,No action needed.,"It does not claim Simulink Test execution, hardware-in-the-loop validation, software-in-the-loop validation, ISO 26262 verification, or production brake-by-wire validation."
docs\07_traceability_links.md,91,certified,Safe / negated scope statement,No action needed.,"It does not claim a complete industrial model repository, full System Composer implementation, or certified requirements-management workflow."
docs\08_assumptions_and_limitations.md,41,complete AEB,Safe / negated scope statement,No action needed.,"| LIM-08 | No complete AEB system is claimed. | The project models emergency brake-request logic, not a production autonomous emergency braking stack. |"
docs\08_assumptions_and_limitations.md,51,production-ready,Safe / negated scope statement,No action needed.,"It does not claim to be a complete industrial MBSE implementation or a production-ready brake-by-wire system."
docs\10_engineering_decision_log.md,56,production brake-by-wire,Safe / negated scope statement,No action needed.,"The project focuses on emergency brake-request logic, not a production brake-by-wire system."
docs\10_engineering_decision_log.md,68,production-ready,Safe / negated scope statement,No action needed.,"It does not claim to be a complete industrial MBSE implementation or a production-ready brake-by-wire system."
docs\11_simple_risk_register.md,18,certification,Safe / negated scope statement,No action needed.,"| RISK-02 | Overclaiming production brake-by-wire design | High | Medium | Use concept-level wording and define limitations related to ECU, actuator dynamics, redundancy, diagnostics, and certification. | Controlled |"
docs\11_simple_risk_register.md,18,production brake-by-wire,Safe / negated scope statement,No action needed.,"| RISK-02 | Overclaiming production brake-by-wire design | High | Medium | Use concept-level wording and define limitations related to ECU, actuator dynamics, redundancy, diagnostics, and certification. | Controlled |"
docs\11_simple_risk_register.md,75,certification,Safe / negated scope statement,No action needed.,"This risk is controlled by using the phrase concept-level brake-by-wire emergency brake-request logic and by excluding production ECU design, redundancy, diagnostics, hydraulic backup, and safety certification."
docs\13_future_work_and_internship_extension.md,28,ISO 26262 compliance,Safe / negated scope statement,No action needed.,"It does not claim production brake-by-wire design, full autonomous driving, ISO 26262 compliance, SOTIF compliance, HIL/SIL validation, or real sensor fusion."
docs\13_future_work_and_internship_extension.md,28,SOTIF compliance,Safe / negated scope statement,No action needed.,"It does not claim production brake-by-wire design, full autonomous driving, ISO 26262 compliance, SOTIF compliance, HIL/SIL validation, or real sensor fusion."
docs\13_future_work_and_internship_extension.md,28,production brake-by-wire,Safe / negated scope statement,No action needed.,"It does not claim production brake-by-wire design, full autonomous driving, ISO 26262 compliance, SOTIF compliance, HIL/SIL validation, or real sensor fusion."
docs\15_operational_design_domain.md,11,certification,Safe / negated scope statement,No action needed.,"It does not claim production AEB validation, real-world deployment, ISO 26262 compliance, SOTIF compliance, or industrial automated-driving certification."
docs\15_operational_design_domain.md,11,ISO 26262 compliance,Safe / negated scope statement,No action needed.,"It does not claim production AEB validation, real-world deployment, ISO 26262 compliance, SOTIF compliance, or industrial automated-driving certification."
docs\15_operational_design_domain.md,11,SOTIF compliance,Safe / negated scope statement,No action needed.,"It does not claim production AEB validation, real-world deployment, ISO 26262 compliance, SOTIF compliance, or industrial automated-driving certification."
docs\15_operational_design_domain.md,124,certified,Safe / negated scope statement,No action needed.,"This is not a production actuator command and does not represent certified brake-by-wire control."
docs\15_operational_design_domain.md,124,certified brake-by-wire,Safe / negated scope statement,No action needed.,"This is not a production actuator command and does not represent certified brake-by-wire control."
docs\15_operational_design_domain.md,140,certification,Safe / negated scope statement,No action needed.,"| Functional safety certification | ISO 26262 and SOTIF compliance are not claimed. |"
docs\15_operational_design_domain.md,140,SOTIF compliance,Safe / negated scope statement,No action needed.,"| Functional safety certification | ISO 26262 and SOTIF compliance are not claimed. |"
docs\15_simulink_verification_model.md,46,certified,Safe / negated scope statement,No action needed.,"This is a concept-level Simulink verification model. It does not represent a production brake-by-wire system, real sensor fusion, certified safety logic, or hardware-level actuator control."
docs\15_simulink_verification_model.md,46,production brake-by-wire,Safe / negated scope statement,No action needed.,"This is a concept-level Simulink verification model. It does not represent a production brake-by-wire system, real sensor fusion, certified safety logic, or hardware-level actuator control."
docs\16_scenario_taxonomy.md,106,SOTIF compliance,Safe / negated scope statement,No action needed.,"It does not claim ISO 34502 compliance, ASAM OpenSCENARIO implementation, ASAM OpenODD implementation, SOTIF compliance, or production AEB validation."
docs\16_simulink_testing_validation.md,52,certified,Safe / negated scope statement,No action needed.,"This testing activity is scenario-based and concept-level. It does not represent certified safety validation, hardware-in-the-loop testing, production brake-by-wire validation, or ISO 26262 compliance."
docs\16_simulink_testing_validation.md,52,ISO 26262 compliance,Safe / negated scope statement,No action needed.,"This testing activity is scenario-based and concept-level. It does not represent certified safety validation, hardware-in-the-loop testing, production brake-by-wire validation, or ISO 26262 compliance."
docs\16_simulink_testing_validation.md,52,production brake-by-wire,Safe / negated scope statement,No action needed.,"This testing activity is scenario-based and concept-level. It does not represent certified safety validation, hardware-in-the-loop testing, production brake-by-wire validation, or ISO 26262 compliance."
docs\17_simulink_requirement_test_traceability.md,25,certified,Safe / negated scope statement,No action needed.,"This traceability is limited to concept-level Simulink verification. It does not claim production-level safety validation, hardware validation, certified brake-by-wire design, or ISO 26262 compliance."
docs\17_simulink_requirement_test_traceability.md,25,ISO 26262 compliance,Safe / negated scope statement,No action needed.,"This traceability is limited to concept-level Simulink verification. It does not claim production-level safety validation, hardware validation, certified brake-by-wire design, or ISO 26262 compliance."
docs\17_simulink_requirement_test_traceability.md,25,certified brake-by-wire,Safe / negated scope statement,No action needed.,"This traceability is limited to concept-level Simulink verification. It does not claim production-level safety validation, hardware validation, certified brake-by-wire design, or ISO 26262 compliance."
docs\17_stpa_lite_safety_analysis.md,9,certified,Safe / negated scope statement,No action needed.,"This is not a full industrial STPA study and does not claim ISO 26262 compliance SOTIF compliance HARA FMEA or certified safety validation."
docs\17_stpa_lite_safety_analysis.md,9,ISO 26262 compliance,Safe / negated scope statement,No action needed.,"This is not a full industrial STPA study and does not claim ISO 26262 compliance SOTIF compliance HARA FMEA or certified safety validation."
docs\17_stpa_lite_safety_analysis.md,9,SOTIF compliance,Safe / negated scope statement,No action needed.,"This is not a full industrial STPA study and does not claim ISO 26262 compliance SOTIF compliance HARA FMEA or certified safety validation."
docs\17_stpa_lite_safety_analysis.md,153,production-ready,Safe / negated scope statement,No action needed.,"It does not claim to be a complete industrial MBSE implementation or a production-ready brake-by-wire system."
docs\18_before_after_simulink_testing_phase.md,49,certified,Safe / negated scope statement,No action needed.,"This testing phase remains concept-level and scenario-based. It does not claim production brake-by-wire validation, hardware-in-the-loop testing, real sensor validation, certified safety compliance, or ISO 26262 verification."
docs\18_before_after_simulink_testing_phase.md,49,production brake-by-wire,Safe / negated scope statement,No action needed.,"This testing phase remains concept-level and scenario-based. It does not claim production brake-by-wire validation, hardware-in-the-loop testing, real sensor validation, certified safety compliance, or ISO 26262 verification."
docs\18_robustness_and_sensitivity_analysis.md,11,ISO 26262 compliance,Safe / negated scope statement,No action needed.,"It does not claim production validation, formal statistical safety assurance, ISO 26262 compliance, SOTIF compliance, HIL testing, or SIL testing."
docs\18_robustness_and_sensitivity_analysis.md,11,SOTIF compliance,Safe / negated scope statement,No action needed.,"It does not claim production validation, formal statistical safety assurance, ISO 26262 compliance, SOTIF compliance, HIL testing, or SIL testing."
docs\19_simulink_test_manager_result.md,35,certified,Safe / negated scope statement,No action needed.,"This is a concept-level Test Manager execution. It does not represent production brake-by-wire validation, HIL testing, certified safety validation, or ISO 26262 compliance."
docs\19_simulink_test_manager_result.md,35,ISO 26262 compliance,Safe / negated scope statement,No action needed.,"This is a concept-level Test Manager execution. It does not represent production brake-by-wire validation, HIL testing, certified safety validation, or ISO 26262 compliance."
docs\19_simulink_test_manager_result.md,35,production brake-by-wire,Safe / negated scope statement,No action needed.,"This is a concept-level Test Manager execution. It does not represent production brake-by-wire validation, HIL testing, certified safety validation, or ISO 26262 compliance."
docs\19_verification_coverage_metrics.md,9,ISO 26262 compliance,Safe / negated scope statement,No action needed.,"This is a university-level coverage analysis and does not claim industrial validation, ISO 26262 compliance, SOTIF compliance, HIL testing, or SIL testing."
docs\19_verification_coverage_metrics.md,9,SOTIF compliance,Safe / negated scope statement,No action needed.,"This is a university-level coverage analysis and does not claim industrial validation, ISO 26262 compliance, SOTIF compliance, HIL testing, or SIL testing."
docs\20_parameterized_scenario_testing.md,166,SOTIF compliance,Safe / negated scope statement,No action needed.,"It is inspired by modern scenario-based verification practices but does not claim ISO 34502 compliance, ASAM OpenSCENARIO implementation, ASAM OpenODD implementation, SOTIF compliance, or production AEB validation."
docs\20_simulink_test_manager_all_scenarios.md,36,certified,Safe / negated scope statement,No action needed.,"This is a concept-level Simulink Test Manager execution. It does not represent production brake-by-wire validation, HIL testing, certified safety validation, real sensor validation, or ISO 26262 compliance."
docs\20_simulink_test_manager_all_scenarios.md,36,ISO 26262 compliance,Safe / negated scope statement,No action needed.,"This is a concept-level Simulink Test Manager execution. It does not represent production brake-by-wire validation, HIL testing, certified safety validation, real sensor validation, or ISO 26262 compliance."
docs\20_simulink_test_manager_all_scenarios.md,36,production brake-by-wire,Safe / negated scope statement,No action needed.,"This is a concept-level Simulink Test Manager execution. It does not represent production brake-by-wire validation, HIL testing, certified safety validation, real sensor validation, or ISO 26262 compliance."
docs\21_requirements_not_fully_tested_justification.md,29,certified,Safe / negated scope statement,No action needed.,"| ISO 26262 compliance | No formal safety lifecycle or safety case is developed | The project does not claim certified safety compliance |"
docs\21_requirements_not_fully_tested_justification.md,29,ISO 26262 compliance,Safe / negated scope statement,No action needed.,"| ISO 26262 compliance | No formal safety lifecycle or safety case is developed | The project does not claim certified safety compliance |"
docs\21_requirements_not_fully_tested_justification.md,29,safety case,Safe / negated scope statement,No action needed.,"| ISO 26262 compliance | No formal safety lifecycle or safety case is developed | The project does not claim certified safety compliance |"
docs\22_alignment_with_course_mandatory_contents.md,47,certified,Safe / negated scope statement,No action needed.,"It does not claim production brake-by-wire validation, real vehicle testing, hardware-in-the-loop testing, real sensor fusion, certified safety compliance, or ISO 26262 verification."
docs\22_alignment_with_course_mandatory_contents.md,47,production brake-by-wire,Safe / negated scope statement,No action needed.,"It does not claim production brake-by-wire validation, real vehicle testing, hardware-in-the-loop testing, real sensor fusion, certified safety compliance, or ISO 26262 verification."
docs\23_final_presentation_narrative.md,89,certified,Safe / negated scope statement,No action needed.,"The project remains scope-safe: it does not claim production brake-by-wire design, certified safety validation, real sensor fusion, HIL testing, or ISO 26262 compliance."
docs\23_final_presentation_narrative.md,89,ISO 26262 compliance,Safe / negated scope statement,No action needed.,"The project remains scope-safe: it does not claim production brake-by-wire design, certified safety validation, real sensor fusion, HIL testing, or ISO 26262 compliance."
docs\23_final_presentation_narrative.md,89,production brake-by-wire,Safe / negated scope statement,No action needed.,"The project remains scope-safe: it does not claim production brake-by-wire design, certified safety validation, real sensor fusion, HIL testing, or ISO 26262 compliance."
docs\24_final_submission_checklist.md,57,certified,Safe / negated scope statement,No action needed.,"The project does not claim production brake-by-wire validation, certified safety compliance, real sensor fusion, hardware-in-the-loop testing, or ISO 26262 verification."
docs\24_final_submission_checklist.md,57,production brake-by-wire,Safe / negated scope statement,No action needed.,"The project does not claim production brake-by-wire validation, certified safety compliance, real sensor fusion, hardware-in-the-loop testing, or ISO 26262 verification."
docs\25_final_presentation_slide_plan.md,10,production brake-by-wire,Safe / negated scope statement,No action needed.,"This project presents a concept-level requirements-driven workflow, not a production brake-by-wire system."
docs\26_final_presentation_speaker_script.md,9,production brake-by-wire,Safe / negated scope statement,No action needed.,"The project is not a production brake-by-wire system. It is a concept-level engineering workflow that connects requirements, architecture, MATLAB models, Simulink verification, and Test Manager results."
docs\26_final_presentation_speaker_script.md,124,production brake-by-wire,Safe / negated scope statement,No action needed.,"The main claim is concept-level verification, not production brake-by-wire validation."
docs\27_three_minute_presentation_summary.md,10,production brake-by-wire,Safe / negated scope statement,No action needed.,"The project starts from a simple engineering need: a low-speed urban electric vehicle should be able to identify a critical forward-risk situation and generate an emergency brake request. The goal is not to design a production brake-by-wire system, but to build a concept-level verification workflow."
docs\27_three_minute_presentation_summary.md,22,ISO 26262 compliance,Safe / negated scope statement,No action needed.,"Finally, I added requirement-to-test traceability and a justification document for requirements that are outside the concept-level scope, such as real brake hardware, real sensor fusion, HIL testing, and ISO 26262 compliance."
docs\27_three_minute_presentation_summary.md,27,production brake-by-wire,Safe / negated scope statement,No action needed.,"This project is a concept-level MBSE/RFLP and MATLAB/Simulink verification workflow for emergency brake-request logic in a low-speed urban EV. It connects requirements, scenarios, Simulink architecture, scenario-based testing, Test Manager results, and traceability without claiming production brake-by-wire validation."
docs\28_thirty_second_elevator_pitch.md,14,ISO 26262 compliance,Safe / negated scope statement,No action needed.,"The logic was tested across six scenarios using MATLAB/Simulink and official Simulink Test Manager results. The project is traceable and scope-safe, but it does not claim production brake-by-wire validation or ISO 26262 compliance."
docs\28_thirty_second_elevator_pitch.md,14,production brake-by-wire,Safe / negated scope statement,No action needed.,"The logic was tested across six scenarios using MATLAB/Simulink and official Simulink Test Manager results. The project is traceable and scope-safe, but it does not claim production brake-by-wire validation or ISO 26262 compliance."
docs\28_thirty_second_elevator_pitch.md,18,production brake-by-wire,Safe / negated scope statement,No action needed.,"This is a concept-level MBSE/RFLP and MATLAB/Simulink verification project for emergency brake-request logic. It connects requirements, scenarios, Simulink architecture, testing, Test Manager results, and traceability, while staying clearly outside production brake-by-wire validation."
docs\29_final_presentation_q_and_a.md,12,production brake-by-wire,Safe / negated scope statement,No action needed.,"No. This is not a production brake-by-wire system."
docs\29_final_presentation_q_and_a.md,78,certified,Safe / negated scope statement,No action needed.,"It is a concept-level emergency brake-request logic model. It does not include real perception, sensor fusion, production control, or certified safety validation."
docs\30_final_repository_quality_audit.md,51,ISO 26262 compliance,Safe / negated scope statement,No action needed.,"The project remains a concept-level MBSE/RFLP and MATLAB/Simulink verification workflow. It does not claim production brake-by-wire validation, real sensor fusion, HIL testing, or ISO 26262 compliance."
docs\30_final_repository_quality_audit.md,51,production brake-by-wire,Safe / negated scope statement,No action needed.,"The project remains a concept-level MBSE/RFLP and MATLAB/Simulink verification workflow. It does not claim production brake-by-wire validation, real sensor fusion, HIL testing, or ISO 26262 compliance."
docs\31_final_reproducibility_check.md,32,ISO 26262 compliance,Safe / negated scope statement,No action needed.,"This reproducibility check confirms repository-level consistency for a concept-level MBSE/RFLP and MATLAB/Simulink verification workflow. It does not imply production brake-by-wire validation, HIL validation, real sensor validation, or ISO 26262 compliance."
docs\31_final_reproducibility_check.md,32,production brake-by-wire,Safe / negated scope statement,No action needed.,"This reproducibility check confirms repository-level consistency for a concept-level MBSE/RFLP and MATLAB/Simulink verification workflow. It does not imply production brake-by-wire validation, HIL validation, real sensor validation, or ISO 26262 compliance."
docs\33_final_project_score_and_remaining_gaps.md,64,production brake-by-wire,Safe / negated scope statement,No action needed.,"| Production brake-by-wire validation | The output is a logical brake request, not a production actuator command |"
docs\34_what_to_show_during_presentation.md,125,ISO 26262 compliance,Safe / negated scope statement,No action needed.,"`Some aspects are outside the concept-level scope, such as real brake hardware, real sensor fusion, HIL/SIL testing, and ISO 26262 compliance. These are documented as limitations.`"
docs\34_what_to_show_during_presentation.md,144,certified,Safe / negated scope statement,No action needed.,"`It does not claim production brake-by-wire validation, certified safety compliance, real sensor fusion, HIL/SIL testing, or ISO 26262 compliance.`"
docs\34_what_to_show_during_presentation.md,144,ISO 26262 compliance,Safe / negated scope statement,No action needed.,"`It does not claim production brake-by-wire validation, certified safety compliance, real sensor fusion, HIL/SIL testing, or ISO 26262 compliance.`"
docs\34_what_to_show_during_presentation.md,144,production brake-by-wire,Safe / negated scope statement,No action needed.,"`It does not claim production brake-by-wire validation, certified safety compliance, real sensor fusion, HIL/SIL testing, or ISO 26262 compliance.`"
docs\35_ten_minute_pre_presentation_checklist.md,115,certified,Safe / negated scope statement,No action needed.,"`This is not a production brake-by-wire system, not a certified safety system, and not an ISO 26262-compliant validation.`"
docs\35_ten_minute_pre_presentation_checklist.md,115,production brake-by-wire,Safe / negated scope statement,No action needed.,"`This is not a production brake-by-wire system, not a certified safety system, and not an ISO 26262-compliant validation.`"
docs\39_black_box_mandatory_package.md,12,ISO 26262 compliance,Safe / negated scope statement,No action needed.,"The system is intentionally limited to concept-level verification. It does not claim production brake-by-wire implementation, real sensor fusion, hardware validation, HIL/SIL testing, or ISO 26262 compliance."
docs\39_black_box_mandatory_package.md,12,production brake-by-wire,Safe / negated scope statement,No action needed.,"The system is intentionally limited to concept-level verification. It does not claim production brake-by-wire implementation, real sensor fusion, hardware validation, HIL/SIL testing, or ISO 26262 compliance."
docs\40_black_box_mandatory_diagrams.md,30,certified,Safe / negated scope statement,No action needed.,"These diagrams support concept-level system engineering and course presentation. They do not represent a production brake-by-wire architecture, real sensor-fusion architecture, or certified safety architecture."
docs\40_black_box_mandatory_diagrams.md,30,production brake-by-wire,Safe / negated scope statement,No action needed.,"These diagrams support concept-level system engineering and course presentation. They do not represent a production brake-by-wire architecture, real sensor-fusion architecture, or certified safety architecture."
docs\41_concept_generation_screening_scoring_mandatory.md,57,production brake-by-wire,Safe / negated scope statement,No action needed.,"This does not mean the project claims a production brake-by-wire actuator design. It means that, for a university-level concept-design and verification project, the electric linear actuator is the clearest physical candidate to connect the logical emergency brake-request output to a simple physical actuation concept."
docs\41_concept_generation_screening_scoring_mandatory.md,61,certified,Safe / negated scope statement,No action needed.,"The actuator selection is used only for concept-level physical allocation. The project does not model actuator dynamics in production detail, hydraulic pressure behaviour, hardware redundancy, diagnostic coverage, fail-operational design, or certified brake-by-wire safety architecture."
docs\41_concept_generation_screening_scoring_mandatory.md,61,certified brake-by-wire,Safe / negated scope statement,No action needed.,"The actuator selection is used only for concept-level physical allocation. The project does not model actuator dynamics in production detail, hydraulic pressure behaviour, hardware redundancy, diagnostic coverage, fail-operational design, or certified brake-by-wire safety architecture."
docs\42_concept_generation_screening_scoring_figures.md,25,certified,Safe / negated scope statement,No action needed.,"The actuator selection is used only for concept-level physical allocation. It does not represent a production brake-by-wire actuator design, certified safety architecture, real actuator dynamics model, or industrial hardware design."
docs\42_concept_generation_screening_scoring_figures.md,25,production brake-by-wire,Safe / negated scope statement,No action needed.,"The actuator selection is used only for concept-level physical allocation. It does not represent a production brake-by-wire actuator design, certified safety architecture, real actuator dynamics model, or industrial hardware design."
docs\43_white_box_decomposition_package.md,66,certified,Safe / negated scope statement,No action needed.,"This White Box decomposition is a university-level concept-design artifact. It does not claim to be a complete industrial MBSE model, certified brake-by-wire architecture, ISO 26262 safety case, or production hardware design."
docs\43_white_box_decomposition_package.md,66,certified brake-by-wire,Safe / negated scope statement,No action needed.,"This White Box decomposition is a university-level concept-design artifact. It does not claim to be a complete industrial MBSE model, certified brake-by-wire architecture, ISO 26262 safety case, or production hardware design."
docs\43_white_box_decomposition_package.md,66,safety case,Safe / negated scope statement,No action needed.,"This White Box decomposition is a university-level concept-design artifact. It does not claim to be a complete industrial MBSE model, certified brake-by-wire architecture, ISO 26262 safety case, or production hardware design."
docs\44_white_box_presentation_figures.md,53,certified,Safe / negated scope statement,No action needed.,"These White Box figures are university-level concept-design artifacts. They support transparent system decomposition and verification traceability. They do not claim a complete industrial MBSE implementation, production brake-by-wire actuator design, ISO 26262 safety case, or certified hardware architecture."
docs\44_white_box_presentation_figures.md,53,production brake-by-wire,Safe / negated scope statement,No action needed.,"These White Box figures are university-level concept-design artifacts. They support transparent system decomposition and verification traceability. They do not claim a complete industrial MBSE implementation, production brake-by-wire actuator design, ISO 26262 safety case, or certified hardware architecture."
docs\44_white_box_presentation_figures.md,53,safety case,Safe / negated scope statement,No action needed.,"These White Box figures are university-level concept-design artifacts. They support transparent system decomposition and verification traceability. They do not claim a complete industrial MBSE implementation, production brake-by-wire actuator design, ISO 26262 safety case, or certified hardware architecture."
docs\45_final_course_alignment_audit.md,42,production brake-by-wire,Safe / negated scope statement,No action needed.,"This audit checks university-level project evidence only. It does not claim industrial completeness, ISO 26262 validation, SOTIF validation, HIL/SIL testing, or production brake-by-wire design."
docs\46_final_repository_quality_check.md,50,production brake-by-wire,Safe / negated scope statement,No action needed.,"This quality check verifies the presence and organization of university-level project evidence. It does not certify industrial completeness, safety compliance, production brake-by-wire design, HIL/SIL validation, or formal automotive qualification."
docs\47_final_scope_claim_audit.md,7,certified,Safe / negated scope statement,No action needed.,"The project is intentionally positioned as a university-level, concept-level MBSE/RFLP and MATLAB/Simulink verification project. It does not claim industrial completeness, certified safety compliance, ISO 26262 validation, SOTIF validation, HIL/SIL validation, or production brake-by-wire design."
docs\47_final_scope_claim_audit.md,7,production brake-by-wire,Safe / negated scope statement,No action needed.,"The project is intentionally positioned as a university-level, concept-level MBSE/RFLP and MATLAB/Simulink verification project. It does not claim industrial completeness, certified safety compliance, ISO 26262 validation, SOTIF validation, HIL/SIL validation, or production brake-by-wire design."
docs\47_final_scope_claim_audit.md,23,production-ready,Safe / negated scope statement,No action needed.,"| `README.md` | 42 | production-ready | Rewrite to concept-level or explicitly negate the claim. |"
docs\47_final_scope_claim_audit.md,24,certified,Safe / negated scope statement,No action needed.,"| `README.md` | 43 | certified | Rewrite to concept-level or explicitly negate the claim. |"
docs\47_final_scope_claim_audit.md,25,production-ready,Safe / negated scope statement,No action needed.,"| `README.md` | 70 | production-ready | Rewrite to concept-level or explicitly negate the claim. |"
docs\47_final_scope_claim_audit.md,26,ISO 26262 compliance,Safe / negated scope statement,No action needed.,"| `README.md` | 72 | ISO 26262 compliance | Rewrite to concept-level or explicitly negate the claim. |"
docs\47_final_scope_claim_audit.md,27,SOTIF compliance,Safe / negated scope statement,No action needed.,"| `README.md` | 73 | SOTIF compliance | Rewrite to concept-level or explicitly negate the claim. |"
docs\47_final_scope_claim_audit.md,28,production brake-by-wire,Safe / negated scope statement,No action needed.,"| `README.md` | 394 | production brake-by-wire | Rewrite to concept-level or explicitly negate the claim. |"
docs\47_final_scope_claim_audit.md,29,production brake-by-wire,Safe / negated scope statement,No action needed.,"| `README.md` | 407 | production brake-by-wire | Rewrite to concept-level or explicitly negate the claim. |"
docs\47_final_scope_claim_audit.md,30,production-ready,Safe / negated scope statement,No action needed.,"| `README.md` | 465 | production-ready | Rewrite to concept-level or explicitly negate the claim. |"
docs\47_final_scope_claim_audit.md,31,ISO 26262 compliance,Safe / negated scope statement,No action needed.,"| `README.md` | 469 | ISO 26262 compliance | Rewrite to concept-level or explicitly negate the claim. |"
docs\47_final_scope_claim_audit.md,32,SOTIF compliance,Safe / negated scope statement,No action needed.,"| `README.md` | 470 | SOTIF compliance | Rewrite to concept-level or explicitly negate the claim. |"
docs\47_final_scope_claim_audit.md,33,SOTIF compliance,Safe / negated scope statement,No action needed.,"| `docs\02_black_box_analysis.md` | 92 | SOTIF compliance | Rewrite to concept-level or explicitly negate the claim. |"
docs\47_final_scope_claim_audit.md,34,production brake-by-wire,Safe / negated scope statement,No action needed.,"| `docs\03_requirements_quality_review.md` | 48 | production brake-by-wire | Rewrite to concept-level or explicitly negate the claim. |"
docs\47_final_scope_claim_audit.md,35,ISO 26262 compliance,Safe / negated scope statement,No action needed.,"| `docs\03_rflp_architecture.md` | 145 | ISO 26262 compliance | Rewrite to concept-level or explicitly negate the claim. |"
docs\47_final_scope_claim_audit.md,36,production-ready,Safe / negated scope statement,No action needed.,"| `docs\03_rflp_architecture.md` | 148 | production-ready | Rewrite to concept-level or explicitly negate the claim. |"
docs\47_final_scope_claim_audit.md,37,production-ready,Safe / negated scope statement,No action needed.,"| `docs\06_scope_and_limitations.md` | 22 | production-ready | Rewrite to concept-level or explicitly negate the claim. |"
docs\47_final_scope_claim_audit.md,38,ISO 26262 compliance,Safe / negated scope statement,No action needed.,"| `docs\06_scope_and_limitations.md` | 24 | ISO 26262 compliance | Rewrite to concept-level or explicitly negate the claim. |"
docs\47_final_scope_claim_audit.md,39,SOTIF compliance,Safe / negated scope statement,No action needed.,"| `docs\06_scope_and_limitations.md` | 25 | SOTIF compliance | Rewrite to concept-level or explicitly negate the claim. |"
docs\47_final_scope_claim_audit.md,40,certified,Safe / negated scope statement,No action needed.,"| `docs\06_verification_plan.md` | 84 | certified | Rewrite to concept-level or explicitly negate the claim. |"
docs\47_final_scope_claim_audit.md,41,certified,Safe / negated scope statement,No action needed.,"| `docs\06_verification_plan.md` | 84 | certified brake-by-wire | Rewrite to concept-level or explicitly negate the claim. |"
docs\47_final_scope_claim_audit.md,41,certified brake-by-wire,Safe / negated scope statement,No action needed.,"| `docs\06_verification_plan.md` | 84 | certified brake-by-wire | Rewrite to concept-level or explicitly negate the claim. |"
docs\47_final_scope_claim_audit.md,42,certified,Safe / negated scope statement,No action needed.,"| `docs\08_assumptions_and_limitations.md` | 9 | certified | Rewrite to concept-level or explicitly negate the claim. |"
docs\47_final_scope_claim_audit.md,43,production brake-by-wire,Safe / negated scope statement,No action needed.,"| `docs\08_assumptions_and_limitations.md` | 20 | production brake-by-wire | Rewrite to concept-level or explicitly negate the claim. |"
docs\47_final_scope_claim_audit.md,44,certified,Safe / negated scope statement,No action needed.,"| `docs\08_assumptions_and_limitations.md` | 36 | certified | Rewrite to concept-level or explicitly negate the claim. |"
docs\47_final_scope_claim_audit.md,45,production brake-by-wire,Safe / negated scope statement,No action needed.,"| `docs\08_assumptions_and_limitations.md` | 36 | production brake-by-wire | Rewrite to concept-level or explicitly negate the claim. |"
docs\47_final_scope_claim_audit.md,46,certification,Safe / negated scope statement,No action needed.,"| `docs\08_assumptions_and_limitations.md` | 37 | certification | Rewrite to concept-level or explicitly negate the claim. |"
docs\47_final_scope_claim_audit.md,47,ISO 26262 compliance,Safe / negated scope statement,No action needed.,"| `docs\08_assumptions_and_limitations.md` | 37 | ISO 26262 compliance | Rewrite to concept-level or explicitly negate the claim. |"
docs\47_final_scope_claim_audit.md,48,safety case,Safe / negated scope statement,No action needed.,"| `docs\08_assumptions_and_limitations.md` | 37 | safety case | Rewrite to concept-level or explicitly negate the claim. |"
docs\47_final_scope_claim_audit.md,49,SOTIF compliance,Safe / negated scope statement,No action needed.,"| `docs\08_assumptions_and_limitations.md` | 38 | SOTIF compliance | Rewrite to concept-level or explicitly negate the claim. |"
docs\47_final_scope_claim_audit.md,50,certification,Safe / negated scope statement,No action needed.,"| `docs\10_engineering_decision_log.md` | 58 | certification | Rewrite to concept-level or explicitly negate the claim. |"
docs\47_final_scope_claim_audit.md,51,production brake-by-wire,Safe / negated scope statement,No action needed.,"| `docs\11_simple_risk_register.md` | 59 | production brake-by-wire | Rewrite to concept-level or explicitly negate the claim. |"
docs\47_final_scope_claim_audit.md,52,ISO 26262 compliance,Safe / negated scope statement,No action needed.,"| `docs\11_simple_risk_register.md` | 60 | ISO 26262 compliance | Rewrite to concept-level or explicitly negate the claim. |"
docs\47_final_scope_claim_audit.md,53,SOTIF compliance,Safe / negated scope statement,No action needed.,"| `docs\11_simple_risk_register.md` | 61 | SOTIF compliance | Rewrite to concept-level or explicitly negate the claim. |"
docs\47_final_scope_claim_audit.md,54,production brake-by-wire,Safe / negated scope statement,No action needed.,"| `docs\12_verification_coverage.md` | 127 | production brake-by-wire | Rewrite to concept-level or explicitly negate the claim. |"
docs\47_final_scope_claim_audit.md,55,certification,Safe / negated scope statement,No action needed.,"| `docs\16_simulink_testing_validation.md` | 56 | certification | Rewrite to concept-level or explicitly negate the claim. |"
docs\47_final_scope_claim_audit.md,56,production brake-by-wire,Safe / negated scope statement,No action needed.,"| `docs\17_stpa_lite_safety_analysis.md` | 34 | production brake-by-wire | Rewrite to concept-level or explicitly negate the claim. |"
docs\47_final_scope_claim_audit.md,57,safety case,Safe / negated scope statement,No action needed.,"| `docs\17_stpa_lite_safety_analysis.md` | 39 | safety case | Rewrite to concept-level or explicitly negate the claim. |"
docs\47_final_scope_claim_audit.md,58,certification,Safe / negated scope statement,No action needed.,"| `docs\17_stpa_lite_safety_analysis.md` | 161 | certification | Rewrite to concept-level or explicitly negate the claim. |"
docs\47_final_scope_claim_audit.md,59,certified,Safe / negated scope statement,No action needed.,"| `docs\18_robustness_and_sensitivity_analysis.md` | 121 | certified | Rewrite to concept-level or explicitly negate the claim. |"
docs\47_final_scope_claim_audit.md,60,certified,Safe / negated scope statement,No action needed.,"| `docs\18_robustness_and_sensitivity_analysis.md` | 121 | certified brake-by-wire | Rewrite to concept-level or explicitly negate the claim. |"
docs\47_final_scope_claim_audit.md,60,certified brake-by-wire,Safe / negated scope statement,No action needed.,"| `docs\18_robustness_and_sensitivity_analysis.md` | 121 | certified brake-by-wire | Rewrite to concept-level or explicitly negate the claim. |"
docs\47_final_scope_claim_audit.md,61,certified,Safe / negated scope statement,No action needed.,"| `docs\19_verification_coverage_metrics.md` | 60 | certified | Rewrite to concept-level or explicitly negate the claim. |"
docs\47_final_scope_claim_audit.md,62,certified,Safe / negated scope statement,No action needed.,"| `docs\19_verification_coverage_metrics.md` | 112 | certified | Rewrite to concept-level or explicitly negate the claim. |"
docs\47_final_scope_claim_audit.md,63,certified,Safe / negated scope statement,No action needed.,"| `docs\21_requirements_not_fully_tested_justification.md` | 43 | certified | Rewrite to concept-level or explicitly negate the claim. |"
docs\47_final_scope_claim_audit.md,64,complete AEB,Safe / negated scope statement,No action needed.,"| `docs\21_requirements_not_fully_tested_justification.md` | 43 | complete AEB | Rewrite to concept-level or explicitly negate the claim. |"
docs\47_final_scope_claim_audit.md,65,production brake-by-wire,Safe / negated scope statement,No action needed.,"| `docs\21_requirements_not_fully_tested_justification.md` | 43 | production brake-by-wire | Rewrite to concept-level or explicitly negate the claim. |"
docs\47_final_scope_claim_audit.md,66,production brake-by-wire,Safe / negated scope statement,No action needed.,"| `docs\23_final_presentation_narrative.md` | 9 | production brake-by-wire | Rewrite to concept-level or explicitly negate the claim. |"
docs\47_final_scope_claim_audit.md,67,ISO 26262 compliance,Safe / negated scope statement,No action needed.,"| `docs\23_final_presentation_narrative.md` | 73 | ISO 26262 compliance | Rewrite to concept-level or explicitly negate the claim. |"
docs\47_final_scope_claim_audit.md,68,production brake-by-wire,Safe / negated scope statement,No action needed.,"| `docs\25_final_presentation_slide_plan.md` | 27 | production brake-by-wire | Rewrite to concept-level or explicitly negate the claim. |"
docs\47_final_scope_claim_audit.md,69,ISO 26262 compliance,Safe / negated scope statement,No action needed.,"| `docs\25_final_presentation_slide_plan.md` | 30 | ISO 26262 compliance | Rewrite to concept-level or explicitly negate the claim. |"
docs\47_final_scope_claim_audit.md,70,ISO 26262 compliance,Safe / negated scope statement,No action needed.,"| `docs\25_final_presentation_slide_plan.md` | 138 | ISO 26262 compliance | Rewrite to concept-level or explicitly negate the claim. |"
docs\47_final_scope_claim_audit.md,71,certification,Safe / negated scope statement,No action needed.,"| `docs\26_final_presentation_speaker_script.md` | 21 | certification | Rewrite to concept-level or explicitly negate the claim. |"
docs\47_final_scope_claim_audit.md,72,production brake-by-wire,Safe / negated scope statement,No action needed.,"| `docs\26_final_presentation_speaker_script.md` | 21 | production brake-by-wire | Rewrite to concept-level or explicitly negate the claim. |"
docs\47_final_scope_claim_audit.md,73,ISO 26262 compliance,Safe / negated scope statement,No action needed.,"| `docs\26_final_presentation_speaker_script.md` | 101 | ISO 26262 compliance | Rewrite to concept-level or explicitly negate the claim. |"
docs\47_final_scope_claim_audit.md,74,production brake-by-wire,Safe / negated scope statement,No action needed.,"| `docs\29_final_presentation_q_and_a.md` | 11 | production brake-by-wire | Rewrite to concept-level or explicitly negate the claim. |"
docs\47_final_scope_claim_audit.md,75,ISO 26262 compliance,Safe / negated scope statement,No action needed.,"| `docs\29_final_presentation_q_and_a.md` | 71 | ISO 26262 compliance | Rewrite to concept-level or explicitly negate the claim. |"
docs\47_final_scope_claim_audit.md,76,certified,Safe / negated scope statement,No action needed.,"| `docs\29_final_presentation_q_and_a.md` | 96 | certified | Rewrite to concept-level or explicitly negate the claim. |"
docs\47_final_scope_claim_audit.md,77,production brake-by-wire,Safe / negated scope statement,No action needed.,"| `docs\32_final_how_to_run_and_evaluate.md` | 144 | production brake-by-wire | Rewrite to concept-level or explicitly negate the claim. |"
docs\47_final_scope_claim_audit.md,78,ISO 26262 compliance,Safe / negated scope statement,No action needed.,"| `docs\32_final_how_to_run_and_evaluate.md` | 148 | ISO 26262 compliance | Rewrite to concept-level or explicitly negate the claim. |"
docs\47_final_scope_claim_audit.md,79,certified,Safe / negated scope statement,No action needed.,"| `docs\33_final_project_score_and_remaining_gaps.md` | 63 | certified | Rewrite to concept-level or explicitly negate the claim. |"
docs\47_final_scope_claim_audit.md,80,ISO 26262 compliance,Safe / negated scope statement,No action needed.,"| `docs\33_final_project_score_and_remaining_gaps.md` | 63 | ISO 26262 compliance | Rewrite to concept-level or explicitly negate the claim. |"
docs\47_final_scope_claim_audit.md,81,safety case,Safe / negated scope statement,No action needed.,"| `docs\33_final_project_score_and_remaining_gaps.md` | 63 | safety case | Rewrite to concept-level or explicitly negate the claim. |"
docs\47_final_scope_claim_audit.md,82,production brake-by-wire,Safe / negated scope statement,No action needed.,"| `docs\33_final_project_score_and_remaining_gaps.md` | 75 | production brake-by-wire | Rewrite to concept-level or explicitly negate the claim. |"
docs\47_final_scope_claim_audit.md,83,production brake-by-wire,Safe / negated scope statement,No action needed.,"| `docs\36_final_project_completion_report.md` | 65 | production brake-by-wire | Rewrite to concept-level or explicitly negate the claim. |"
docs\47_final_scope_claim_audit.md,84,ISO 26262 compliance,Safe / negated scope statement,No action needed.,"| `docs\36_final_project_completion_report.md` | 69 | ISO 26262 compliance | Rewrite to concept-level or explicitly negate the claim. |"
docs\index.md,74,ISO 26262 compliance,Safe / negated scope statement,No action needed.,"It does not claim production brake-by-wire design, ISO 26262 compliance, ISO 21448/SOTIF compliance, real sensor fusion, HIL/SIL testing, or industrial MBSE completeness."
docs\index.md,74,SOTIF compliance,Safe / negated scope statement,No action needed.,"It does not claim production brake-by-wire design, ISO 26262 compliance, ISO 21448/SOTIF compliance, real sensor fusion, HIL/SIL testing, or industrial MBSE completeness."
docs\index.md,74,production brake-by-wire,Safe / negated scope statement,No action needed.,"It does not claim production brake-by-wire design, ISO 26262 compliance, ISO 21448/SOTIF compliance, real sensor fusion, HIL/SIL testing, or industrial MBSE completeness."
